date,wm_yr_wk,weekday,wday,month,year,d,event_name_1,event_type_1,snap_CA,snap_TX,snap_WI
2022-01-01,2252,Saturday,1,1,2022,d_1,,,0,1,1
2022-01-02,2252,Sunday,2,1,2022,d_2,,,1,0,0
2022-01-03,2201,Monday,3,1,2022,d_3,,,1,1,1
2022-01-04,2201,Tuesday,4,1,2022,d_4,,,1,0,0
2022-01-05,2201,Wednesday,5,1,2022,d_5,,,1,1,1
2022-01-06,2201,Thursday,6,1,2022,d_6,,,1,1,0
2022-01-07,2201,Friday,7,1,2022,d_7,,,1,1,0
2022-01-08,2201,Saturday,1,1,2022,d_8,,,1,0,1
2022-01-09,2201,Sunday,2,1,2022,d_9,,,0,1,1
2022-01-10,2202,Monday,3,1,2022,d_10,,,1,1,0
2022-01-11,2202,Tuesday,4,1,2022,d_11,,,0,0,1
2022-01-12,2202,Wednesday,5,1,2022,d_12,,,1,0,0
2022-01-13,2202,Thursday,6,1,2022,d_13,,,0,1,0
2022-01-14,2202,Friday,7,1,2022,d_14,,,0,1,0
2022-01-15,2202,Saturday,1,1,2022,d_15,,,1,1,0
2022-01-16,2202,Sunday,2,1,2022,d_16,,,1,1,0
2022-01-17,2203,Monday,3,1,2022,d_17,,,1,0,0
2022-01-18,2203,Tuesday,4,1,2022,d_18,,,0,1,0
2022-01-19,2203,Wednesday,5,1,2022,d_19,,,1,0,0
2022-01-20,2203,Thursday,6,1,2022,d_20,,,1,1,0
2022-01-21,2203,Friday,7,1,2022,d_21,,,0,0,1
2022-01-22,2203,Saturday,1,1,2022,d_22,,,0,1,1
2022-01-23,2203,Sunday,2,1,2022,d_23,,,0,0,0
2022-01-24,2204,Monday,3,1,2022,d_24,,,0,1,0
2022-01-25,2204,Tuesday,4,1,2022,d_25,,,1,0,1
2022-01-26,2204,Wednesday,5,1,2022,d_26,,,1,0,1
2022-01-27,2204,Thursday,6,1,2022,d_27,,,0,1,1
2022-01-28,2204,Friday,7,1,2022,d_28,,,1,0,1
2022-01-29,2204,Saturday,1,1,2022,d_29,,,1,1,1
2022-01-30,2204,Sunday,2,1,2022,d_30,,,0,1,1
2022-01-31,2205,Monday,3,1,2022,d_31,,,1,1,0
2022-02-01,2205,Tuesday,4,2,2022,d_32,,,0,0,0
2022-02-02,2205,Wednesday,5,2,2022,d_33,,,1,0,0
2022-02-03,2205,Thursday,6,2,2022,d_34,,,1,0,0
2022-02-04,2205,Friday,7,2,2022,d_35,,,0,1,1
2022-02-05,2205,Saturday,1,2,2022,d_36,,,0,1,1
2022-02-06,2205,Sunday,2,2,2022,d_37,,,1,1,1
2022-02-07,2206,Monday,3,2,2022,d_38,,,0,1,0
2022-02-08,2206,Tuesday,4,2,2022,d_39,,,1,0,0
2022-02-09,2206,Wednesday,5,2,2022,d_40,,,1,0,0
2022-02-10,2206,Thursday,6,2,2022,d_41,,,1,0,1
2022-02-11,2206,Friday,7,2,2022,d_42,,,1,0,0
2022-02-12,2206,Saturday,1,2,2022,d_43,,,0,0,0
2022-02-13,2206,Sunday,2,2,2022,d_44,,,0,0,1
2022-02-14,2207,Monday,3,2,2022,d_45,,,0,0,1
2022-02-15,2207,Tuesday,4,2,2022,d_46,,,0,0,1
2022-02-16,2207,Wednesday,5,2,2022,d_47,,,0,1,0
2022-02-17,2207,Thursday,6,2,2022,d_48,,,1,1,0
2022-02-18,2207,Friday,7,2,2022,d_49,,,0,1,0
2022-02-19,2207,Saturday,1,2,2022,d_50,,,1,0,0
2022-02-20,2207,Sunday,2,2,2022,d_51,,,1,0,1
2022-02-21,2208,Monday,3,2,2022,d_52,,,1,0,0
2022-02-22,2208,Tuesday,4,2,2022,d_53,,,1,0,0
2022-02-23,2208,Wednesday,5,2,2022,d_54,,,0,1,1
2022-02-24,2208,Thursday,6,2,2022,d_55,,,1,1,0
2022-02-25,2208,Friday,7,2,2022,d_56,,,0,0,0
2022-02-26,2208,Saturday,1,2,2022,d_57,,,0,0,0
2022-02-27,2208,Sunday,2,2,2022,d_58,,,1,0,0
2022-02-28,2209,Monday,3,2,2022,d_59,,,0,0,0
2022-03-01,2209,Tuesday,4,3,2022,d_60,,,0,1,1
2022-03-02,2209,Wednesday,5,3,2022,d_61,,,0,1,1
2022-03-03,2209,Thursday,6,3,2022,d_62,,,1,1,0
2022-03-04,2209,Friday,7,3,2022,d_63,Halloween,Cultural,0,1,0
2022-03-05,2209,Saturday,1,3,2022,d_64,,,0,1,0
2022-03-06,2209,Sunday,2,3,2022,d_65,,,0,1,1
2022-03-07,2210,Monday,3,3,2022,d_66,SuperBowl,Sporting,1,1,1
2022-03-08,2210,Tuesday,4,3,2022,d_67,,,0,1,1
2022-03-09,2210,Wednesday,5,3,2022,d_68,,,0,0,0
2022-03-10,2210,Thursday,6,3,2022,d_69,,,0,1,0
2022-03-11,2210,Friday,7,3,2022,d_70,,,1,1,0
2022-03-12,2210,Saturday,1,3,2022,d_71,,,1,1,0
2022-03-13,2210,Sunday,2,3,2022,d_72,,,1,1,0
2022-03-14,2211,Monday,3,3,2022,d_73,,,0,1,1
2022-03-15,2211,Tuesday,4,3,2022,d_74,,,0,1,0
2022-03-16,2211,Wednesday,5,3,2022,d_75,,,1,0,1
2022-03-17,2211,Thursday,6,3,2022,d_76,,,1,1,1
2022-03-18,2211,Friday,7,3,2022,d_77,,,1,1,1
2022-03-19,2211,Saturday,1,3,2022,d_78,,,0,1,0
2022-03-20,2211,Sunday,2,3,2022,d_79,,,0,0,1
2022-03-21,2212,Monday,3,3,2022,d_80,,,1,1,0
2022-03-22,2212,Tuesday,4,3,2022,d_81,,,1,0,0
2022-03-23,2212,Wednesday,5,3,2022,d_82,,,0,0,0
2022-03-24,2212,Thursday,6,3,2022,d_83,,,1,1,0
2022-03-25,2212,Friday,7,3,2022,d_84,,,1,1,1
2022-03-26,2212,Saturday,1,3,2022,d_85,,,0,1,1
2022-03-27,2212,Sunday,2,3,2022,d_86,,,1,0,1
2022-03-28,2213,Monday,3,3,2022,d_87,,,0,1,0
2022-03-29,2213,Tuesday,4,3,2022,d_88,,,0,1,0
2022-03-30,2213,Wednesday,5,3,2022,d_89,,,1,1,1
2022-03-31,2213,Thursday,6,3,2022,d_90,,,1,1,0
2022-04-01,2213,Friday,7,4,2022,d_91,,,0,0,1
2022-04-02,2213,Saturday,1,4,2022,d_92,,,1,1,1
2022-04-03,2213,Sunday,2,4,2022,d_93,,,0,0,1
2022-04-04,2214,Monday,3,4,2022,d_94,,,1,1,1
2022-04-05,2214,Tuesday,4,4,2022,d_95,,,0,0,0
2022-04-06,2214,Wednesday,5,4,2022,d_96,,,1,0,0
2022-04-07,2214,Thursday,6,4,2022,d_97,,,1,1,0
2022-04-08,2214,Friday,7,4,2022,d_98,,,1,1,0
2022-04-09,2214,Saturday,1,4,2022,d_99,,,1,1,0
2022-04-10,2214,Sunday,2,4,2022,d_100,,,0,1,1
2022-04-11,2215,Monday,3,4,2022,d_101,,,1,1,0
2022-04-12,2215,Tuesday,4,4,2022,d_102,,,0,0,1
2022-04-13,2215,Wednesday,5,4,2022,d_103,,,1,0,1
2022-04-14,2215,Thursday,6,4,2022,d_104,,,1,0,1
2022-04-15,2215,Friday,7,4,2022,d_105,,,0,0,0
2022-04-16,2215,Saturday,1,4,2022,d_106,,,1,0,1
2022-04-17,2215,Sunday,2,4,2022,d_107,,,1,1,0
2022-04-18,2216,Monday,3,4,2022,d_108,,,0,1,0
2022-04-19,2216,Tuesday,4,4,2022,d_109,,,0,1,0
2022-04-20,2216,Wednesday,5,4,2022,d_110,,,0,0,0
2022-04-21,2216,Thursday,6,4,2022,d_111,,,0,1,0
2022-04-22,2216,Friday,7,4,2022,d_112,,,0,1,0
2022-04-23,2216,Saturday,1,4,2022,d_113,Easter,Religious,1,1,1
2022-04-24,2216,Sunday,2,4,2022,d_114,,,1,0,0
2022-04-25,2217,Monday,3,4,2022,d_115,,,0,0,0
2022-04-26,2217,Tuesday,4,4,2022,d_116,,,1,1,1
2022-04-27,2217,Wednesday,5,4,2022,d_117,,,1,0,1
2022-04-28,2217,Thursday,6,4,2022,d_118,,,0,0,1
2022-04-29,2217,Friday,7,4,2022,d_119,,,1,0,0
2022-04-30,2217,Saturday,1,4,2022,d_120,,,1,1,1
2022-05-01,2217,Sunday,2,5,2022,d_121,,,1,1,1
2022-05-02,2218,Monday,3,5,2022,d_122,,,1,0,0
2022-05-03,2218,Tuesday,4,5,2022,d_123,,,1,0,0
2022-05-04,2218,Wednesday,5,5,2022,d_124,,,0,1,1
2022-05-05,2218,Thursday,6,5,2022,d_125,,,1,1,0
2022-05-06,2218,Friday,7,5,2022,d_126,,,1,1,0
2022-05-07,2218,Saturday,1,5,2022,d_127,,,0,0,1
2022-05-08,2218,Sunday,2,5,2022,d_128,,,1,1,1
2022-05-09,2219,Monday,3,5,2022,d_129,,,0,0,1
2022-05-10,2219,Tuesday,4,5,2022,d_130,,,0,1,1
2022-05-11,2219,Wednesday,5,5,2022,d_131,,,0,0,1
2022-05-12,2219,Thursday,6,5,2022,d_132,,,1,0,0
2022-05-13,2219,Friday,7,5,2022,d_133,,,0,0,0
2022-05-14,2219,Saturday,1,5,2022,d_134,,,0,0,1
2022-05-15,2219,Sunday,2,5,2022,d_135,,,0,1,0
2022-05-16,2220,Monday,3,5,2022,d_136,,,1,0,0
2022-05-17,2220,Tuesday,4,5,2022,d_137,,,1,0,1
2022-05-18,2220,Wednesday,5,5,2022,d_138,,,0,0,1
2022-05-19,2220,Thursday,6,5,2022,d_139,,,0,1,0
2022-05-20,2220,Friday,7,5,2022,d_140,,,1,1,0
2022-05-21,2220,Saturday,1,5,2022,d_141,,,0,1,1
2022-05-22,2220,Sunday,2,5,2022,d_142,,,1,1,0
2022-05-23,2221,Monday,3,5,2022,d_143,,,0,1,1
2022-05-24,2221,Tuesday,4,5,2022,d_144,,,1,1,1
2022-05-25,2221,Wednesday,5,5,2022,d_145,Thanksgiving,National,0,0,1
2022-05-26,2221,Thursday,6,5,2022,d_146,,,0,1,0
2022-05-27,2221,Friday,7,5,2022,d_147,,,1,1,1
2022-05-28,2221,Saturday,1,5,2022,d_148,Christmas,Religious,0,1,0
2022-05-29,2221,Sunday,2,5,2022,d_149,,,1,0,1
2022-05-30,2222,Monday,3,5,2022,d_150,,,1,1,0
2022-05-31,2222,Tuesday,4,5,2022,d_151,,,1,0,0
2022-06-01,2222,Wednesday,5,6,2022,d_152,,,1,0,1
2022-06-02,2222,Thursday,6,6,2022,d_153,,,1,1,0
2022-06-03,2222,Friday,7,6,2022,d_154,,,0,0,1
2022-06-04,2222,Saturday,1,6,2022,d_155,,,0,0,1
2022-06-05,2222,Sunday,2,6,2022,d_156,,,0,1,0
2022-06-06,2223,Monday,3,6,2022,d_157,,,1,0,0
2022-06-07,2223,Tuesday,4,6,2022,d_158,,,0,1,1
2022-06-08,2223,Wednesday,5,6,2022,d_159,,,0,0,0
2022-06-09,2223,Thursday,6,6,2022,d_160,,,0,0,0
2022-06-10,2223,Friday,7,6,2022,d_161,,,0,1,0
2022-06-11,2223,Saturday,1,6,2022,d_162,,,0,1,0
2022-06-12,2223,Sunday,2,6,2022,d_163,,,0,0,1
2022-06-13,2224,Monday,3,6,2022,d_164,,,1,1,0
2022-06-14,2224,Tuesday,4,6,2022,d_165,,,1,1,1
2022-06-15,2224,Wednesday,5,6,2022,d_166,,,1,0,0
2022-06-16,2224,Thursday,6,6,2022,d_167,,,0,1,1
2022-06-17,2224,Friday,7,6,2022,d_168,,,1,0,0
2022-06-18,2224,Saturday,1,6,2022,d_169,,,0,1,0
2022-06-19,2224,Sunday,2,6,2022,d_170,,,1,1,1
2022-06-20,2225,Monday,3,6,2022,d_171,,,1,1,0
2022-06-21,2225,Tuesday,4,6,2022,d_172,,,1,1,0
2022-06-22,2225,Wednesday,5,6,2022,d_173,,,0,0,1
2022-06-23,2225,Thursday,6,6,2022,d_174,,,0,0,0
2022-06-24,2225,Friday,7,6,2022,d_175,,,1,0,0
2022-06-25,2225,Saturday,1,6,2022,d_176,,,0,1,0
2022-06-26,2225,Sunday,2,6,2022,d_177,,,0,1,1
2022-06-27,2226,Monday,3,6,2022,d_178,,,0,0,1
2022-06-28,2226,Tuesday,4,6,2022,d_179,,,0,1,1
2022-06-29,2226,Wednesday,5,6,2022,d_180,,,0,1,1
2022-06-30,2226,Thursday,6,6,2022,d_181,,,0,1,0
2022-07-01,2226,Friday,7,7,2022,d_182,,,1,0,0
2022-07-02,2226,Saturday,1,7,2022,d_183,,,1,1,0
2022-07-03,2226,Sunday,2,7,2022,d_184,,,1,1,0
2022-07-04,2227,Monday,3,7,2022,d_185,,,0,0,0
2022-07-05,2227,Tuesday,4,7,2022,d_186,,,1,0,1
2022-07-06,2227,Wednesday,5,7,2022,d_187,,,0,0,1
2022-07-07,2227,Thursday,6,7,2022,d_188,,,0,0,1
2022-07-08,2227,Friday,7,7,2022,d_189,,,0,1,1
2022-07-09,2227,Saturday,1,7,2022,d_190,,,0,1,1
2022-07-10,2227,Sunday,2,7,2022,d_191,,,1,1,0
2022-07-11,2228,Monday,3,7,2022,d_192,,,0,0,1
2022-07-12,2228,Tuesday,4,7,2022,d_193,,,1,1,1
2022-07-13,2228,Wednesday,5,7,2022,d_194,,,0,0,0
2022-07-14,2228,Thursday,6,7,2022,d_195,,,1,1,0
2022-07-15,2228,Friday,7,7,2022,d_196,,,0,0,1
2022-07-16,2228,Saturday,1,7,2022,d_197,,,0,0,0
2022-07-17,2228,Sunday,2,7,2022,d_198,,,1,1,1
2022-07-18,2229,Monday,3,7,2022,d_199,,,1,0,1
2022-07-19,2229,Tuesday,4,7,2022,d_200,ValentinesDay,Cultural,0,1,0
2022-07-20,2229,Wednesday,5,7,2022,d_201,,,1,1,0
2022-07-21,2229,Thursday,6,7,2022,d_202,,,0,1,0
2022-07-22,2229,Friday,7,7,2022,d_203,,,1,1,0
2022-07-23,2229,Saturday,1,7,2022,d_204,,,1,0,0
2022-07-24,2229,Sunday,2,7,2022,d_205,,,0,1,1
2022-07-25,2230,Monday,3,7,2022,d_206,,,1,0,0
2022-07-26,2230,Tuesday,4,7,2022,d_207,,,0,1,0
2022-07-27,2230,Wednesday,5,7,2022,d_208,,,0,0,0
2022-07-28,2230,Thursday,6,7,2022,d_209,,,0,0,1
2022-07-29,2230,Friday,7,7,2022,d_210,,,0,1,0
2022-07-30,2230,Saturday,1,7,2022,d_211,,,1,0,0
2022-07-31,2230,Sunday,2,7,2022,d_212,,,0,1,1
2022-08-01,2231,Monday,3,8,2022,d_213,,,0,1,0
2022-08-02,2231,Tuesday,4,8,2022,d_214,,,1,1,0
2022-08-03,2231,Wednesday,5,8,2022,d_215,,,0,1,0
2022-08-04,2231,Thursday,6,8,2022,d_216,,,1,1,0
2022-08-05,2231,Friday,7,8,2022,d_217,,,0,0,0
2022-08-06,2231,Saturday,1,8,2022,d_218,,,1,0,1
2022-08-07,2231,Sunday,2,8,2022,d_219,,,1,0,0
2022-08-08,2232,Monday,3,8,2022,d_220,,,1,1,0
2022-08-09,2232,Tuesday,4,8,2022,d_221,,,0,0,0
2022-08-10,2232,Wednesday,5,8,2022,d_222,,,0,0,1
2022-08-11,2232,Thursday,6,8,2022,d_223,,,1,0,1
2022-08-12,2232,Friday,7,8,2022,d_224,,,0,0,0
2022-08-13,2232,Saturday,1,8,2022,d_225,,,1,0,0
2022-08-14,2232,Sunday,2,8,2022,d_226,,,0,0,0
2022-08-15,2233,Monday,3,8,2022,d_227,,,1,0,0
2022-08-16,2233,Tuesday,4,8,2022,d_228,,,1,0,0
2022-08-17,2233,Wednesday,5,8,2022,d_229,,,0,0,0
2022-08-18,2233,Thursday,6,8,2022,d_230,,,0,0,1
2022-08-19,2233,Friday,7,8,2022,d_231,,,1,1,0
2022-08-20,2233,Saturday,1,8,2022,d_232,,,0,0,0
2022-08-21,2233,Sunday,2,8,2022,d_233,,,1,0,0
2022-08-22,2234,Monday,3,8,2022,d_234,,,0,0,1
2022-08-23,2234,Tuesday,4,8,2022,d_235,,,1,1,1
2022-08-24,2234,Wednesday,5,8,2022,d_236,,,1,1,0
2022-08-25,2234,Thursday,6,8,2022,d_237,,,0,1,0
2022-08-26,2234,Friday,7,8,2022,d_238,,,1,0,1
2022-08-27,2234,Saturday,1,8,2022,d_239,,,0,0,1
2022-08-28,2234,Sunday,2,8,2022,d_240,,,1,0,0
2022-08-29,2235,Monday,3,8,2022,d_241,,,0,1,1
2022-08-30,2235,Tuesday,4,8,2022,d_242,,,0,1,1
2022-08-31,2235,Wednesday,5,8,2022,d_243,,,0,1,0
2022-09-01,2235,Thursday,6,9,2022,d_244,,,0,1,1
2022-09-02,2235,Friday,7,9,2022,d_245,,,0,1,0
2022-09-03,2235,Saturday,1,9,2022,d_246,,,1,1,0
2022-09-04,2235,Sunday,2,9,2022,d_247,,,0,1,0
2022-09-05,2236,Monday,3,9,2022,d_248,,,1,0,0
2022-09-06,2236,Tuesday,4,9,2022,d_249,,,0,0,1
2022-09-07,2236,Wednesday,5,9,2022,d_250,,,0,1,0
2022-09-08,2236,Thursday,6,9,2022,d_251,,,1,0,0
2022-09-09,2236,Friday,7,9,2022,d_252,,,1,0,0
2022-09-10,2236,Saturday,1,9,2022,d_253,,,0,1,1
2022-09-11,2236,Sunday,2,9,2022,d_254,,,0,0,1
2022-09-12,2237,Monday,3,9,2022,d_255,,,1,1,1
2022-09-13,2237,Tuesday,4,9,2022,d_256,,,1,1,0
2022-09-14,2237,Wednesday,5,9,2022,d_257,,,1,0,1
2022-09-15,2237,Thursday,6,9,2022,d_258,,,0,1,1
2022-09-16,2237,Friday,7,9,2022,d_259,,,0,1,1
2022-09-17,2237,Saturday,1,9,2022,d_260,,,1,1,0
2022-09-18,2237,Sunday,2,9,2022,d_261,,,1,0,1
2022-09-19,2238,Monday,3,9,2022,d_262,LaborDay,National,0,1,0
2022-09-20,2238,Tuesday,4,9,2022,d_263,,,0,1,0
2022-09-21,2238,Wednesday,5,9,2022,d_264,,,0,1,0
2022-09-22,2238,Thursday,6,9,2022,d_265,,,1,0,0
2022-09-23,2238,Friday,7,9,2022,d_266,,,0,0,0
2022-09-24,2238,Saturday,1,9,2022,d_267,,,0,1,0
2022-09-25,2238,Sunday,2,9,2022,d_268,,,0,0,0
2022-09-26,2239,Monday,3,9,2022,d_269,,,1,0,1
2022-09-27,2239,Tuesday,4,9,2022,d_270,,,0,0,0
2022-09-28,2239,Wednesday,5,9,2022,d_271,,,0,0,1
2022-09-29,2239,Thursday,6,9,2022,d_272,,,0,0,1
2022-09-30,2239,Friday,7,9,2022,d_273,,,0,0,1
2022-10-01,2239,Saturday,1,10,2022,d_274,,,1,1,1
2022-10-02,2239,Sunday,2,10,2022,d_275,,,0,0,0
2022-10-03,2240,Monday,3,10,2022,d_276,,,0,0,1
2022-10-04,2240,Tuesday,4,10,2022,d_277,,,1,0,1
2022-10-05,2240,Wednesday,5,10,2022,d_278,,,0,1,0
2022-10-06,2240,Thursday,6,10,2022,d_279,,,1,0,0
2022-10-07,2240,Friday,7,10,2022,d_280,,,1,1,1
2022-10-08,2240,Saturday,1,10,2022,d_281,,,0,1,0
2022-10-09,2240,Sunday,2,10,2022,d_282,,,1,1,0
2022-10-10,2241,Monday,3,10,2022,d_283,,,0,1,1
2022-10-11,2241,Tuesday,4,10,2022,d_284,,,1,0,1
2022-10-12,2241,Wednesday,5,10,2022,d_285,,,0,1,0
2022-10-13,2241,Thursday,6,10,2022,d_286,,,1,0,1
2022-10-14,2241,Friday,7,10,2022,d_287,,,1,1,0
2022-10-15,2241,Saturday,1,10,2022,d_288,,,1,1,1
2022-10-16,2241,Sunday,2,10,2022,d_289,,,0,1,1
2022-10-17,2242,Monday,3,10,2022,d_290,,,0,1,0
2022-10-18,2242,Tuesday,4,10,2022,d_291,,,0,0,0
2022-10-19,2242,Wednesday,5,10,2022,d_292,,,0,1,1
2022-10-20,2242,Thursday,6,10,2022,d_293,,,1,1,0
2022-10-21,2242,Friday,7,10,2022,d_294,,,0,1,0
2022-10-22,2242,Saturday,1,10,2022,d_295,,,1,0,0
2022-10-23,2242,Sunday,2,10,2022,d_296,,,1,1,1
2022-10-24,2243,Monday,3,10,2022,d_297,,,0,0,0
2022-10-25,2243,Tuesday,4,10,2022,d_298,,,0,0,1
2022-10-26,2243,Wednesday,5,10,2022,d_299,,,1,0,1
2022-10-27,2243,Thursday,6,10,2022,d_300,,,0,1,0
2022-10-28,2243,Friday,7,10,2022,d_301,,,0,0,1
2022-10-29,2243,Saturday,1,10,2022,d_302,,,1,0,1
2022-10-30,2243,Sunday,2,10,2022,d_303,,,1,0,0
2022-10-31,2244,Monday,3,10,2022,d_304,,,0,1,1
2022-11-01,2244,Tuesday,4,11,2022,d_305,,,0,0,0
2022-11-02,2244,Wednesday,5,11,2022,d_306,,,0,1,0
2022-11-03,2244,Thursday,6,11,2022,d_307,,,1,1,0
2022-11-04,2244,Friday,7,11,2022,d_308,,,1,1,1
2022-11-05,2244,Saturday,1,11,2022,d_309,,,1,1,1
2022-11-06,2244,Sunday,2,11,2022,d_310,,,1,0,0
2022-11-07,2245,Monday,3,11,2022,d_311,,,1,0,1
2022-11-08,2245,Tuesday,4,11,2022,d_312,,,0,0,1
2022-11-09,2245,Wednesday,5,11,2022,d_313,,,0,1,1
2022-11-10,2245,Thursday,6,11,2022,d_314,,,1,1,1
2022-11-11,2245,Friday,7,11,2022,d_315,,,1,1,0
2022-11-12,2245,Saturday,1,11,2022,d_316,,,1,0,1
2022-11-13,2245,Sunday,2,11,2022,d_317,IndependenceDay,National,0,0,0
2022-11-14,2246,Monday,3,11,2022,d_318,,,0,0,0
2022-11-15,2246,Tuesday,4,11,2022,d_319,,,0,0,0
2022-11-16,2246,Wednesday,5,11,2022,d_320,,,0,0,1
2022-11-17,2246,Thursday,6,11,2022,d_321,Mother's day,Cultural,1,1,1
2022-11-18,2246,Friday,7,11,2022,d_322,,,1,0,0
2022-11-19,2246,Saturday,1,11,2022,d_323,,,0,1,0
2022-11-20,2246,Sunday,2,11,2022,d_324,,,0,0,0
2022-11-21,2247,Monday,3,11,2022,d_325,,,1,0,1
2022-11-22,2247,Tuesday,4,11,2022,d_326,,,0,1,0
2022-11-23,2247,Wednesday,5,11,2022,d_327,,,1,1,1
2022-11-24,2247,Thursday,6,11,2022,d_328,,,1,0,0
2022-11-25,2247,Friday,7,11,2022,d_329,,,0,0,0
2022-11-26,2247,Saturday,1,11,2022,d_330,,,0,0,1
2022-11-27,2247,Sunday,2,11,2022,d_331,,,1,1,0
2022-11-28,2248,Monday,3,11,2022,d_332,,,1,0,0
2022-11-29,2248,Tuesday,4,11,2022,d_333,,,0,1,0
2022-11-30,2248,Wednesday,5,11,2022,d_334,,,1,0,1
2022-12-01,2248,Thursday,6,12,2022,d_335,,,1,1,0
2022-12-02,2248,Friday,7,12,2022,d_336,,,1,0,0
2022-12-03,2248,Saturday,1,12,2022,d_337,,,0,1,0
2022-12-04,2248,Sunday,2,12,2022,d_338,,,1,1,1
2022-12-05,2249,Monday,3,12,2022,d_339,,,1,0,1
2022-12-06,2249,Tuesday,4,12,2022,d_340,,,0,0,1
2022-12-07,2249,Wednesday,5,12,2022,d_341,,,0,1,0
2022-12-08,2249,Thursday,6,12,2022,d_342,,,1,0,1
2022-12-09,2249,Friday,7,12,2022,d_343,,,0,0,0
2022-12-10,2249,Saturday,1,12,2022,d_344,,,0,0,1
2022-12-11,2249,Sunday,2,12,2022,d_345,,,0,0,1
2022-12-12,2250,Monday,3,12,2022,d_346,,,1,0,1
2022-12-13,2250,Tuesday,4,12,2022,d_347,,,1,0,1
2022-12-14,2250,Wednesday,5,12,2022,d_348,,,0,0,1
2022-12-15,2250,Thursday,6,12,2022,d_349,,,1,0,0
2022-12-16,2250,Friday,7,12,2022,d_350,,,0,0,1
2022-12-17,2250,Saturday,1,12,2022,d_351,,,1,0,1
2022-12-18,2250,Sunday,2,12,2022,d_352,,,1,1,1
2022-12-19,2251,Monday,3,12,2022,d_353,,,1,0,1
2022-12-20,2251,Tuesday,4,12,2022,d_354,,,0,0,0
2022-12-21,2251,Wednesday,5,12,2022,d_355,,,1,0,1
2022-12-22,2251,Thursday,6,12,2022,d_356,,,0,1,0
2022-12-23,2251,Friday,7,12,2022,d_357,,,1,0,1
2022-12-24,2251,Saturday,1,12,2022,d_358,,,0,0,1
2022-12-25,2251,Sunday,2,12,2022,d_359,,,0,0,0
2022-12-26,2252,Monday,3,12,2022,d_360,,,0,0,1
2022-12-27,2252,Tuesday,4,12,2022,d_361,,,1,0,1
2022-12-28,2252,Wednesday,5,12,2022,d_362,,,0,0,1
2022-12-29,2252,Thursday,6,12,2022,d_363,,,1,1,0
2022-12-30,2252,Friday,7,12,2022,d_364,,,0,1,0
2022-12-31,2252,Saturday,1,12,2022,d_365,,,0,0,1
2023-01-01,2352,Sunday,2,1,2023,d_366,,,1,1,1
2023-01-02,2301,Monday,3,1,2023,d_367,,,0,1,1
2023-01-03,2301,Tuesday,4,1,2023,d_368,,,1,0,1
2023-01-04,2301,Wednesday,5,1,2023,d_369,,,1,0,0
2023-01-05,2301,Thursday,6,1,2023,d_370,,,0,0,1
2023-01-06,2301,Friday,7,1,2023,d_371,,,0,1,0
2023-01-07,2301,Saturday,1,1,2023,d_372,,,0,0,1
2023-01-08,2301,Sunday,2,1,2023,d_373,,,1,1,1
2023-01-09,2302,Monday,3,1,2023,d_374,,,1,0,1
2023-01-10,2302,Tuesday,4,1,2023,d_375,,,0,1,1
2023-01-11,2302,Wednesday,5,1,2023,d_376,,,0,1,0
2023-01-12,2302,Thursday,6,1,2023,d_377,,,0,0,0
2023-01-13,2302,Friday,7,1,2023,d_378,,,0,0,0
2023-01-14,2302,Saturday,1,1,2023,d_379,,,1,1,1
2023-01-15,2302,Sunday,2,1,2023,d_380,,,1,0,0
2023-01-16,2303,Monday,3,1,2023,d_381,,,0,0,1
2023-01-17,2303,Tuesday,4,1,2023,d_382,,,1,1,0
2023-01-18,2303,Wednesday,5,1,2023,d_383,,,0,0,0
2023-01-19,2303,Thursday,6,1,2023,d_384,,,0,0,0
2023-01-20,2303,Friday,7,1,2023,d_385,,,1,0,0
2023-01-21,2303,Saturday,1,1,2023,d_386,,,1,0,0
2023-01-22,2303,Sunday,2,1,2023,d_387,,,1,1,0
2023-01-23,2304,Monday,3,1,2023,d_388,,,0,1,1
2023-01-24,2304,Tuesday,4,1,2023,d_389,,,0,0,1
2023-01-25,2304,Wednesday,5,1,2023,d_390,,,0,0,1
2023-01-26,2304,Thursday,6,1,2023,d_391,,,0,1,0
2023-01-27,2304,Friday,7,1,2023,d_392,,,1,0,1
2023-01-28,2304,Saturday,1,1,2023,d_393,,,1,0,1
2023-01-29,2304,Sunday,2,1,2023,d_394,,,0,0,1
2023-01-30,2305,Monday,3,1,2023,d_395,,,1,0,0
2023-01-31,2305,Tuesday,4,1,2023,d_396,,,0,1,1
2023-02-01,2305,Wednesday,5,2,2023,d_397,,,1,0,1
2023-02-02,2305,Thursday,6,2,2023,d_398,,,0,0,0
2023-02-03,2305,Friday,7,2,2023,d_399,,,0,1,0
2023-02-04,2305,Saturday,1,2,2023,d_400,,,1,0,1
2023-02-05,2305,Sunday,2,2,2023,d_401,,,0,1,0
2023-02-06,2306,Monday,3,2,2023,d_402,,,0,0,0
2023-02-07,2306,Tuesday,4,2,2023,d_403,,,0,0,1
2023-02-08,2306,Wednesday,5,2,2023,d_404,,,0,0,0
2023-02-09,2306,Thursday,6,2,2023,d_405,,,0,1,0
2023-02-10,2306,Friday,7,2,2023,d_406,,,0,1,0
2023-02-11,2306,Saturday,1,2,2023,d_407,,,1,0,1
2023-02-12,2306,Sunday,2,2,2023,d_408,,,1,0,0
2023-02-13,2307,Monday,3,2,2023,d_409,,,0,0,1
2023-02-14,2307,Tuesday,4,2,2023,d_410,,,0,1,0
2023-02-15,2307,Wednesday,5,2,2023,d_411,,,1,0,1
2023-02-16,2307,Thursday,6,2,2023,d_412,,,1,1,1
2023-02-17,2307,Friday,7,2,2023,d_413,,,1,1,1
2023-02-18,2307,Saturday,1,2,2023,d_414,,,1,1,1
2023-02-19,2307,Sunday,2,2,2023,d_415,,,1,0,0
2023-02-20,2308,Monday,3,2,2023,d_416,,,0,0,1
2023-02-21,2308,Tuesday,4,2,2023,d_417,,,0,0,1
2023-02-22,2308,Wednesday,5,2,2023,d_418,,,1,1,1
2023-02-23,2308,Thursday,6,2,2023,d_419,,,1,1,1
2023-02-24,2308,Friday,7,2,2023,d_420,,,0,1,1
2023-02-25,2308,Saturday,1,2,2023,d_421,,,1,0,0
2023-02-26,2308,Sunday,2,2,2023,d_422,,,0,0,0
2023-02-27,2309,Monday,3,2,2023,d_423,,,1,1,0
2023-02-28,2309,Tuesday,4,2,2023,d_424,,,1,1,0
2023-03-01,2309,Wednesday,5,3,2023,d_425,,,0,1,1
2023-03-02,2309,Thursday,6,3,2023,d_426,,,0,1,1
2023-03-03,2309,Friday,7,3,2023,d_427,,,0,0,0
2023-03-04,2309,Saturday,1,3,2023,d_428,Halloween,Cultural,1,0,0
2023-03-05,2309,Sunday,2,3,2023,d_429,,,1,0,1
2023-03-06,2310,Monday,3,3,2023,d_430,,,0,1,1
2023-03-07,2310,Tuesday,4,3,2023,d_431,SuperBowl,Sporting,0,1,1
2023-03-08,2310,Wednesday,5,3,2023,d_432,,,1,0,1
2023-03-09,2310,Thursday,6,3,2023,d_433,,,0,1,1
2023-03-10,2310,Friday,7,3,2023,d_434,,,0,1,1
2023-03-11,2310,Saturday,1,3,2023,d_435,,,0,1,0
2023-03-12,2310,Sunday,2,3,2023,d_436,,,1,1,1
2023-03-13,2311,Monday,3,3,2023,d_437,,,1,0,0
2023-03-14,2311,Tuesday,4,3,2023,d_438,,,0,0,0
2023-03-15,2311,Wednesday,5,3,2023,d_439,,,1,1,0
2023-03-16,2311,Thursday,6,3,2023,d_440,,,1,1,0
2023-03-17,2311,Friday,7,3,2023,d_441,,,0,0,0
2023-03-18,2311,Saturday,1,3,2023,d_442,,,1,0,1
2023-03-19,2311,Sunday,2,3,2023,d_443,,,1,1,1
2023-03-20,2312,Monday,3,3,2023,d_444,,,0,1,0
2023-03-21,2312,Tuesday,4,3,2023,d_445,,,0,0,1
2023-03-22,2312,Wednesday,5,3,2023,d_446,,,1,1,0
2023-03-23,2312,Thursday,6,3,2023,d_447,,,1,0,0
2023-03-24,2312,Friday,7,3,2023,d_448,,,0,0,1
2023-03-25,2312,Saturday,1,3,2023,d_449,,,1,1,0
2023-03-26,2312,Sunday,2,3,2023,d_450,,,1,0,1
2023-03-27,2313,Monday,3,3,2023,d_451,,,0,1,1
2023-03-28,2313,Tuesday,4,3,2023,d_452,,,1,0,0
2023-03-29,2313,Wednesday,5,3,2023,d_453,,,0,1,0
2023-03-30,2313,Thursday,6,3,2023,d_454,,,1,0,1
2023-03-31,2313,Friday,7,3,2023,d_455,,,0,1,1
2023-04-01,2313,Saturday,1,4,2023,d_456,,,0,0,1
2023-04-02,2313,Sunday,2,4,2023,d_457,,,1,1,0
2023-04-03,2314,Monday,3,4,2023,d_458,,,0,0,0
2023-04-04,2314,Tuesday,4,4,2023,d_459,,,1,0,1
2023-04-05,2314,Wednesday,5,4,2023,d_460,,,0,0,1
2023-04-06,2314,Thursday,6,4,2023,d_461,,,1,1,0
2023-04-07,2314,Friday,7,4,2023,d_462,,,1,0,1
2023-04-08,2314,Saturday,1,4,2023,d_463,,,1,1,1
2023-04-09,2314,Sunday,2,4,2023,d_464,,,0,1,0
2023-04-10,2315,Monday,3,4,2023,d_465,,,0,1,0
2023-04-11,2315,Tuesday,4,4,2023,d_466,,,1,1,1
2023-04-12,2315,Wednesday,5,4,2023,d_467,,,1,0,1
2023-04-13,2315,Thursday,6,4,2023,d_468,,,1,1,0
2023-04-14,2315,Friday,7,4,2023,d_469,,,0,1,0
2023-04-15,2315,Saturday,1,4,2023,d_470,,,1,0,1
2023-04-16,2315,Sunday,2,4,2023,d_471,,,0,0,0
2023-04-17,2316,Monday,3,4,2023,d_472,,,0,1,1
2023-04-18,2316,Tuesday,4,4,2023,d_473,,,1,0,1
2023-04-19,2316,Wednesday,5,4,2023,d_474,,,0,1,1
2023-04-20,2316,Thursday,6,4,2023,d_475,,,1,0,0
2023-04-21,2316,Friday,7,4,2023,d_476,,,0,0,0
2023-04-22,2316,Saturday,1,4,2023,d_477,,,0,1,0
2023-04-23,2316,Sunday,2,4,2023,d_478,Easter,Religious,0,0,1
2023-04-24,2317,Monday,3,4,2023,d_479,,,1,1,0
2023-04-25,2317,Tuesday,4,4,2023,d_480,,,1,1,0
2023-04-26,2317,Wednesday,5,4,2023,d_481,,,1,0,0
2023-04-27,2317,Thursday,6,4,2023,d_482,,,1,0,0
2023-04-28,2317,Friday,7,4,2023,d_483,,,1,1,0
2023-04-29,2317,Saturday,1,4,2023,d_484,,,1,1,1
2023-04-30,2317,Sunday,2,4,2023,d_485,,,1,0,1
2023-05-01,2318,Monday,3,5,2023,d_486,,,0,1,0
2023-05-02,2318,Tuesday,4,5,2023,d_487,,,0,0,0
2023-05-03,2318,Wednesday,5,5,2023,d_488,,,0,0,0
2023-05-04,2318,Thursday,6,5,2023,d_489,,,0,1,1
2023-05-05,2318,Friday,7,5,2023,d_490,,,1,0,0
2023-05-06,2318,Saturday,1,5,2023,d_491,,,0,1,1
2023-05-07,2318,Sunday,2,5,2023,d_492,,,0,1,0
2023-05-08,2319,Monday,3,5,2023,d_493,,,1,1,0
2023-05-09,2319,Tuesday,4,5,2023,d_494,,,1,1,1
2023-05-10,2319,Wednesday,5,5,2023,d_495,,,1,0,1
2023-05-11,2319,Thursday,6,5,2023,d_496,,,0,0,1
2023-05-12,2319,Friday,7,5,2023,d_497,,,0,1,1
2023-05-13,2319,Saturday,1,5,2023,d_498,,,1,1,1
2023-05-14,2319,Sunday,2,5,2023,d_499,,,0,0,1
2023-05-15,2320,Monday,3,5,2023,d_500,,,0,1,0
2023-05-16,2320,Tuesday,4,5,2023,d_501,,,0,0,0
2023-05-17,2320,Wednesday,5,5,2023,d_502,,,1,1,0
2023-05-18,2320,Thursday,6,5,2023,d_503,,,1,0,0
2023-05-19,2320,Friday,7,5,2023,d_504,,,1,1,0
2023-05-20,2320,Saturday,1,5,2023,d_505,,,1,0,0
2023-05-21,2320,Sunday,2,5,2023,d_506,,,1,0,0
2023-05-22,2321,Monday,3,5,2023,d_507,,,0,1,1
2023-05-23,2321,Tuesday,4,5,2023,d_508,,,1,0,0
2023-05-24,2321,Wednesday,5,5,2023,d_509,,,0,0,1
2023-05-25,2321,Thursday,6,5,2023,d_510,Thanksgiving,National,0,1,0
2023-05-26,2321,Friday,7,5,2023,d_511,,,1,0,1
2023-05-27,2321,Saturday,1,5,2023,d_512,,,0,0,1
2023-05-28,2321,Sunday,2,5,2023,d_513,Christmas,Religious,0,0,0
2023-05-29,2322,Monday,3,5,2023,d_514,,,0,1,0
2023-05-30,2322,Tuesday,4,5,2023,d_515,,,1,1,1
2023-05-31,2322,Wednesday,5,5,2023,d_516,,,0,1,1
2023-06-01,2322,Thursday,6,6,2023,d_517,,,0,0,0
2023-06-02,2322,Friday,7,6,2023,d_518,,,1,0,1
2023-06-03,2322,Saturday,1,6,2023,d_519,,,0,0,1
2023-06-04,2322,Sunday,2,6,2023,d_520,,,1,1,0
2023-06-05,2323,Monday,3,6,2023,d_521,,,1,0,0
2023-06-06,2323,Tuesday,4,6,2023,d_522,,,1,0,0
2023-06-07,2323,Wednesday,5,6,2023,d_523,,,0,1,1
2023-06-08,2323,Thursday,6,6,2023,d_524,,,0,1,1
2023-06-09,2323,Friday,7,6,2023,d_525,,,0,1,1
2023-06-10,2323,Saturday,1,6,2023,d_526,,,1,0,1
2023-06-11,2323,Sunday,2,6,2023,d_527,,,0,1,0
2023-06-12,2324,Monday,3,6,2023,d_528,,,0,1,0
2023-06-13,2324,Tuesday,4,6,2023,d_529,,,0,0,0
2023-06-14,2324,Wednesday,5,6,2023,d_530,,,1,1,0
2023-06-15,2324,Thursday,6,6,2023,d_531,,,0,1,1
2023-06-16,2324,Friday,7,6,2023,d_532,,,1,0,1
2023-06-17,2324,Saturday,1,6,2023,d_533,,,0,1,0
2023-06-18,2324,Sunday,2,6,2023,d_534,,,0,1,1
2023-06-19,2325,Monday,3,6,2023,d_535,,,0,1,1
2023-06-20,2325,Tuesday,4,6,2023,d_536,,,1,1,0
2023-06-21,2325,Wednesday,5,6,2023,d_537,,,0,1,1
2023-06-22,2325,Thursday,6,6,2023,d_538,,,0,1,1
2023-06-23,2325,Friday,7,6,2023,d_539,,,1,0,1
2023-06-24,2325,Saturday,1,6,2023,d_540,,,1,1,1
2023-06-25,2325,Sunday,2,6,2023,d_541,,,1,1,0
2023-06-26,2326,Monday,3,6,2023,d_542,,,1,1,1
2023-06-27,2326,Tuesday,4,6,2023,d_543,,,0,0,0
2023-06-28,2326,Wednesday,5,6,2023,d_544,,,1,0,1
2023-06-29,2326,Thursday,6,6,2023,d_545,,,0,1,0
2023-06-30,2326,Friday,7,6,2023,d_546,,,1,1,0
2023-07-01,2326,Saturday,1,7,2023,d_547,,,1,1,1
2023-07-02,2326,Sunday,2,7,2023,d_548,,,1,0,0
2023-07-03,2327,Monday,3,7,2023,d_549,,,1,0,0
2023-07-04,2327,Tuesday,4,7,2023,d_550,,,1,1,1
2023-07-05,2327,Wednesday,5,7,2023,d_551,,,1,0,0
2023-07-06,2327,Thursday,6,7,2023,d_552,,,1,1,1
2023-07-07,2327,Friday,7,7,2023,d_553,,,0,0,0
2023-07-08,2327,Saturday,1,7,2023,d_554,,,0,0,0
2023-07-09,2327,Sunday,2,7,2023,d_555,,,0,1,1
2023-07-10,2328,Monday,3,7,2023,d_556,,,1,0,0
2023-07-11,2328,Tuesday,4,7,2023,d_557,,,0,1,0
2023-07-12,2328,Wednesday,5,7,2023,d_558,,,0,1,1
2023-07-13,2328,Thursday,6,7,2023,d_559,,,0,1,1
2023-07-14,2328,Friday,7,7,2023,d_560,,,1,0,0
2023-07-15,2328,Saturday,1,7,2023,d_561,,,1,0,1
2023-07-16,2328,Sunday,2,7,2023,d_562,,,1,1,1
2023-07-17,2329,Monday,3,7,2023,d_563,,,0,0,1
2023-07-18,2329,Tuesday,4,7,2023,d_564,,,0,0,0
2023-07-19,2329,Wednesday,5,7,2023,d_565,ValentinesDay,Cultural,0,0,1
2023-07-20,2329,Thursday,6,7,2023,d_566,,,0,1,1
2023-07-21,2329,Friday,7,7,2023,d_567,,,0,0,1
2023-07-22,2329,Saturday,1,7,2023,d_568,,,1,0,0
2023-07-23,2329,Sunday,2,7,2023,d_569,,,1,1,1
2023-07-24,2330,Monday,3,7,2023,d_570,,,1,0,1
2023-07-25,2330,Tuesday,4,7,2023,d_571,,,0,1,0
2023-07-26,2330,Wednesday,5,7,2023,d_572,,,0,1,1
2023-07-27,2330,Thursday,6,7,2023,d_573,,,1,1,1
2023-07-28,2330,Friday,7,7,2023,d_574,,,0,1,0
2023-07-29,2330,Saturday,1,7,2023,d_575,,,0,0,1
2023-07-30,2330,Sunday,2,7,2023,d_576,,,0,0,0
2023-07-31,2331,Monday,3,7,2023,d_577,,,1,0,1
2023-08-01,2331,Tuesday,4,8,2023,d_578,,,1,0,1
2023-08-02,2331,Wednesday,5,8,2023,d_579,,,0,1,1
2023-08-03,2331,Thursday,6,8,2023,d_580,,,1,1,0
2023-08-04,2331,Friday,7,8,2023,d_581,,,1,1,1
2023-08-05,2331,Saturday,1,8,2023,d_582,,,1,1,0
2023-08-06,2331,Sunday,2,8,2023,d_583,,,1,1,1
2023-08-07,2332,Monday,3,8,2023,d_584,,,0,0,1
2023-08-08,2332,Tuesday,4,8,2023,d_585,,,1,0,0
2023-08-09,2332,Wednesday,5,8,2023,d_586,,,0,1,0
2023-08-10,2332,Thursday,6,8,2023,d_587,,,1,0,0
2023-08-11,2332,Friday,7,8,2023,d_588,,,1,1,1
2023-08-12,2332,Saturday,1,8,2023,d_589,,,1,1,0
2023-08-13,2332,Sunday,2,8,2023,d_590,,,1,1,0
2023-08-14,2333,Monday,3,8,2023,d_591,,,1,1,0
2023-08-15,2333,Tuesday,4,8,2023,d_592,,,1,1,0
2023-08-16,2333,Wednesday,5,8,2023,d_593,,,1,1,0
2023-08-17,2333,Thursday,6,8,2023,d_594,,,1,1,0
2023-08-18,2333,Friday,7,8,2023,d_595,,,0,0,0
2023-08-19,2333,Saturday,1,8,2023,d_596,,,1,0,1
2023-08-20,2333,Sunday,2,8,2023,d_597,,,1,1,0
2023-08-21,2334,Monday,3,8,2023,d_598,,,0,1,1
2023-08-22,2334,Tuesday,4,8,2023,d_599,,,1,1,1
2023-08-23,2334,Wednesday,5,8,2023,d_600,,,1,1,1
2023-08-24,2334,Thursday,6,8,2023,d_601,,,1,1,0
2023-08-25,2334,Friday,7,8,2023,d_602,,,1,1,0
2023-08-26,2334,Saturday,1,8,2023,d_603,,,0,1,1
2023-08-27,2334,Sunday,2,8,2023,d_604,,,1,0,1
2023-08-28,2335,Monday,3,8,2023,d_605,,,0,0,1
2023-08-29,2335,Tuesday,4,8,2023,d_606,,,1,0,0
2023-08-30,2335,Wednesday,5,8,2023,d_607,,,1,0,0
2023-08-31,2335,Thursday,6,8,2023,d_608,,,0,1,0
2023-09-01,2335,Friday,7,9,2023,d_609,,,0,0,0
2023-09-02,2335,Saturday,1,9,2023,d_610,,,0,0,1
2023-09-03,2335,Sunday,2,9,2023,d_611,,,0,0,0
2023-09-04,2336,Monday,3,9,2023,d_612,,,0,1,0
2023-09-05,2336,Tuesday,4,9,2023,d_613,,,0,1,1
2023-09-06,2336,Wednesday,5,9,2023,d_614,,,0,0,1
2023-09-07,2336,Thursday,6,9,2023,d_615,,,0,1,0
2023-09-08,2336,Friday,7,9,2023,d_616,,,1,1,0
2023-09-09,2336,Saturday,1,9,2023,d_617,,,0,1,1
2023-09-10,2336,Sunday,2,9,2023,d_618,,,0,1,1
2023-09-11,2337,Monday,3,9,2023,d_619,,,0,1,1
2023-09-12,2337,Tuesday,4,9,2023,d_620,,,1,0,1
2023-09-13,2337,Wednesday,5,9,2023,d_621,,,0,1,1
2023-09-14,2337,Thursday,6,9,2023,d_622,,,1,0,0
2023-09-15,2337,Friday,7,9,2023,d_623,,,0,0,0
2023-09-16,2337,Saturday,1,9,2023,d_624,,,0,1,1
2023-09-17,2337,Sunday,2,9,2023,d_625,,,0,1,0
2023-09-18,2338,Monday,3,9,2023,d_626,,,0,1,0
2023-09-19,2338,Tuesday,4,9,2023,d_627,LaborDay,National,1,0,0
2023-09-20,2338,Wednesday,5,9,2023,d_628,,,0,0,1
2023-09-21,2338,Thursday,6,9,2023,d_629,,,0,0,0
2023-09-22,2338,Friday,7,9,2023,d_630,,,1,1,0
2023-09-23,2338,Saturday,1,9,2023,d_631,,,1,1,0
2023-09-24,2338,Sunday,2,9,2023,d_632,,,1,1,0
2023-09-25,2339,Monday,3,9,2023,d_633,,,1,1,1
2023-09-26,2339,Tuesday,4,9,2023,d_634,,,1,0,0
2023-09-27,2339,Wednesday,5,9,2023,d_635,,,0,0,1
2023-09-28,2339,Thursday,6,9,2023,d_636,,,1,0,0
2023-09-29,2339,Friday,7,9,2023,d_637,,,0,0,1
2023-09-30,2339,Saturday,1,9,2023,d_638,,,0,0,1
2023-10-01,2339,Sunday,2,10,2023,d_639,,,1,0,1
2023-10-02,2340,Monday,3,10,2023,d_640,,,1,0,1
2023-10-03,2340,Tuesday,4,10,2023,d_641,,,1,1,0
2023-10-04,2340,Wednesday,5,10,2023,d_642,,,0,0,1
2023-10-05,2340,Thursday,6,10,2023,d_643,,,1,0,1
2023-10-06,2340,Friday,7,10,2023,d_644,,,0,0,1
2023-10-07,2340,Saturday,1,10,2023,d_645,,,1,0,1
2023-10-08,2340,Sunday,2,10,2023,d_646,,,1,1,1
2023-10-09,2341,Monday,3,10,2023,d_647,,,1,0,1
2023-10-10,2341,Tuesday,4,10,2023,d_648,,,1,0,1
2023-10-11,2341,Wednesday,5,10,2023,d_649,,,1,0,1
2023-10-12,2341,Thursday,6,10,2023,d_650,,,0,1,0
2023-10-13,2341,Friday,7,10,2023,d_651,,,0,1,0
2023-10-14,2341,Saturday,1,10,2023,d_652,,,0,0,0
2023-10-15,2341,Sunday,2,10,2023,d_653,,,1,0,0
2023-10-16,2342,Monday,3,10,2023,d_654,,,0,0,0
2023-10-17,2342,Tuesday,4,10,2023,d_655,,,0,0,0
2023-10-18,2342,Wednesday,5,10,2023,d_656,,,1,1,0
2023-10-19,2342,Thursday,6,10,2023,d_657,,,1,1,0
2023-10-20,2342,Friday,7,10,2023,d_658,,,1,1,1
2023-10-21,2342,Saturday,1,10,2023,d_659,,,1,0,1
2023-10-22,2342,Sunday,2,10,2023,d_660,,,1,0,1
2023-10-23,2343,Monday,3,10,2023,d_661,,,0,0,0
2023-10-24,2343,Tuesday,4,10,2023,d_662,,,1,0,0
2023-10-25,2343,Wednesday,5,10,2023,d_663,,,1,1,1
2023-10-26,2343,Thursday,6,10,2023,d_664,,,1,0,0
2023-10-27,2343,Friday,7,10,2023,d_665,,,0,0,1
2023-10-28,2343,Saturday,1,10,2023,d_666,,,1,1,0
2023-10-29,2343,Sunday,2,10,2023,d_667,,,1,0,0
2023-10-30,2344,Monday,3,10,2023,d_668,,,1,0,1
2023-10-31,2344,Tuesday,4,10,2023,d_669,,,0,0,0
2023-11-01,2344,Wednesday,5,11,2023,d_670,,,1,0,0
2023-11-02,2344,Thursday,6,11,2023,d_671,,,1,0,1
2023-11-03,2344,Friday,7,11,2023,d_672,,,1,0,0
2023-11-04,2344,Saturday,1,11,2023,d_673,,,0,0,1
2023-11-05,2344,Sunday,2,11,2023,d_674,,,1,0,0
2023-11-06,2345,Monday,3,11,2023,d_675,,,1,0,0
2023-11-07,2345,Tuesday,4,11,2023,d_676,,,0,1,1
2023-11-08,2345,Wednesday,5,11,2023,d_677,,,1,0,0
2023-11-09,2345,Thursday,6,11,2023,d_678,,,0,1,1
2023-11-10,2345,Friday,7,11,2023,d_679,,,1,1,1
2023-11-11,2345,Saturday,1,11,2023,d_680,,,0,0,1
2023-11-12,2345,Sunday,2,11,2023,d_681,,,1,1,0
2023-11-13,2346,Monday,3,11,2023,d_682,IndependenceDay,National,1,0,1
2023-11-14,2346,Tuesday,4,11,2023,d_683,,,1,0,1
2023-11-15,2346,Wednesday,5,11,2023,d_684,,,1,0,1
2023-11-16,2346,Thursday,6,11,2023,d_685,,,1,0,0
2023-11-17,2346,Friday,7,11,2023,d_686,Mother's day,Cultural,0,0,1
2023-11-18,2346,Saturday,1,11,2023,d_687,,,0,0,0
2023-11-19,2346,Sunday,2,11,2023,d_688,,,1,1,1
2023-11-20,2347,Monday,3,11,2023,d_689,,,1,0,0
2023-11-21,2347,Tuesday,4,11,2023,d_690,,,0,1,1
2023-11-22,2347,Wednesday,5,11,2023,d_691,,,0,1,1
2023-11-23,2347,Thursday,6,11,2023,d_692,,,1,1,0
2023-11-24,2347,Friday,7,11,2023,d_693,,,1,0,1
2023-11-25,2347,Saturday,1,11,2023,d_694,,,0,1,1
2023-11-26,2347,Sunday,2,11,2023,d_695,,,0,1,0
2023-11-27,2348,Monday,3,11,2023,d_696,,,0,1,0
2023-11-28,2348,Tuesday,4,11,2023,d_697,,,1,0,1
2023-11-29,2348,Wednesday,5,11,2023,d_698,,,0,1,0
2023-11-30,2348,Thursday,6,11,2023,d_699,,,1,1,0
2023-12-01,2348,Friday,7,12,2023,d_700,,,0,0,1
2023-12-02,2348,Saturday,1,12,2023,d_701,,,0,0,0
2023-12-03,2348,Sunday,2,12,2023,d_702,,,1,0,1
2023-12-04,2349,Monday,3,12,2023,d_703,,,1,1,0
2023-12-05,2349,Tuesday,4,12,2023,d_704,,,1,0,1
2023-12-06,2349,Wednesday,5,12,2023,d_705,,,1,0,0
2023-12-07,2349,Thursday,6,12,2023,d_706,,,1,1,1
2023-12-08,2349,Friday,7,12,2023,d_707,,,1,0,1
2023-12-09,2349,Saturday,1,12,2023,d_708,,,1,0,0
2023-12-10,2349,Sunday,2,12,2023,d_709,,,0,1,0
2023-12-11,2350,Monday,3,12,2023,d_710,,,0,1,1
2023-12-12,2350,Tuesday,4,12,2023,d_711,,,1,1,1
2023-12-13,2350,Wednesday,5,12,2023,d_712,,,0,1,1
2023-12-14,2350,Thursday,6,12,2023,d_713,,,1,0,0
2023-12-15,2350,Friday,7,12,2023,d_714,,,1,1,1
2023-12-16,2350,Saturday,1,12,2023,d_715,,,0,1,1
2023-12-17,2350,Sunday,2,12,2023,d_716,,,1,0,0
2023-12-18,2351,Monday,3,12,2023,d_717,,,0,0,0
2023-12-19,2351,Tuesday,4,12,2023,d_718,,,1,0,0
2023-12-20,2351,Wednesday,5,12,2023,d_719,,,0,0,1
2023-12-21,2351,Thursday,6,12,2023,d_720,,,0,0,0
2023-12-22,2351,Friday,7,12,2023,d_721,,,1,0,0
2023-12-23,2351,Saturday,1,12,2023,d_722,,,1,1,1
2023-12-24,2351,Sunday,2,12,2023,d_723,,,0,0,0
2023-12-25,2352,Monday,3,12,2023,d_724,,,1,1,1
2023-12-26,2352,Tuesday,4,12,2023,d_725,,,1,1,1
2023-12-27,2352,Wednesday,5,12,2023,d_726,,,0,1,1
2023-12-28,2352,Thursday,6,12,2023,d_727,,,1,1,1
2023-12-29,2352,Friday,7,12,2023,d_728,,,1,0,1
2023-12-30,2352,Saturday,1,12,2023,d_729,,,0,1,1
2023-12-31,2352,Sunday,2,12,2023,d_730,,,1,0,1
2024-01-01,2401,Monday,3,1,2024,d_731,,,1,1,0
2024-01-02,2401,Tuesday,4,1,2024,d_732,,,1,0,0
2024-01-03,2401,Wednesday,5,1,2024,d_733,,,1,0,1
2024-01-04,2401,Thursday,6,1,2024,d_734,,,1,1,0
2024-01-05,2401,Friday,7,1,2024,d_735,,,0,0,1
2024-01-06,2401,Saturday,1,1,2024,d_736,,,1,1,1
2024-01-07,2401,Sunday,2,1,2024,d_737,,,0,0,1
2024-01-08,2402,Monday,3,1,2024,d_738,,,1,0,0
2024-01-09,2402,Tuesday,4,1,2024,d_739,,,0,1,0
2024-01-10,2402,Wednesday,5,1,2024,d_740,,,0,1,0
2024-01-11,2402,Thursday,6,1,2024,d_741,,,0,0,1
2024-01-12,2402,Friday,7,1,2024,d_742,,,1,0,1
2024-01-13,2402,Saturday,1,1,2024,d_743,,,0,0,1
2024-01-14,2402,Sunday,2,1,2024,d_744,,,0,1,1
2024-01-15,2403,Monday,3,1,2024,d_745,,,1,1,1
2024-01-16,2403,Tuesday,4,1,2024,d_746,,,1,0,1
2024-01-17,2403,Wednesday,5,1,2024,d_747,,,0,0,0
2024-01-18,2403,Thursday,6,1,2024,d_748,,,1,0,1
2024-01-19,2403,Friday,7,1,2024,d_749,,,0,0,0
2024-01-20,2403,Saturday,1,1,2024,d_750,,,0,1,1
2024-01-21,2403,Sunday,2,1,2024,d_751,,,1,1,1
2024-01-22,2404,Monday,3,1,2024,d_752,,,0,0,0
2024-01-23,2404,Tuesday,4,1,2024,d_753,,,1,1,1
2024-01-24,2404,Wednesday,5,1,2024,d_754,,,1,0,0
2024-01-25,2404,Thursday,6,1,2024,d_755,,,1,0,1
2024-01-26,2404,Friday,7,1,2024,d_756,,,0,0,0
2024-01-27,2404,Saturday,1,1,2024,d_757,,,1,0,0
2024-01-28,2404,Sunday,2,1,2024,d_758,,,1,0,1
2024-01-29,2405,Monday,3,1,2024,d_759,,,0,1,0
2024-01-30,2405,Tuesday,4,1,2024,d_760,,,0,1,1
2024-01-31,2405,Wednesday,5,1,2024,d_761,,,0,0,1
2024-02-01,2405,Thursday,6,2,2024,d_762,,,1,1,0
2024-02-02,2405,Friday,7,2,2024,d_763,,,1,1,0
2024-02-03,2405,Saturday,1,2,2024,d_764,,,0,1,0
2024-02-04,2405,Sunday,2,2,2024,d_765,,,1,1,0
2024-02-05,2406,Monday,3,2,2024,d_766,,,1,0,0
2024-02-06,2406,Tuesday,4,2,2024,d_767,,,1,1,1
2024-02-07,2406,Wednesday,5,2,2024,d_768,,,0,1,0
2024-02-08,2406,Thursday,6,2,2024,d_769,,,0,1,1
2024-02-09,2406,Friday,7,2,2024,d_770,,,0,0,0
2024-02-10,2406,Saturday,1,2,2024,d_771,,,1,0,1
2024-02-11,2406,Sunday,2,2,2024,d_772,,,1,0,1
2024-02-12,2407,Monday,3,2,2024,d_773,,,1,0,0
2024-02-13,2407,Tuesday,4,2,2024,d_774,,,0,0,1
2024-02-14,2407,Wednesday,5,2,2024,d_775,,,0,0,0
2024-02-15,2407,Thursday,6,2,2024,d_776,,,0,1,0
2024-02-16,2407,Friday,7,2,2024,d_777,,,1,0,1
2024-02-17,2407,Saturday,1,2,2024,d_778,,,0,1,1
2024-02-18,2407,Sunday,2,2,2024,d_779,,,1,0,0
2024-02-19,2408,Monday,3,2,2024,d_780,,,1,1,0
2024-02-20,2408,Tuesday,4,2,2024,d_781,,,0,0,0
2024-02-21,2408,Wednesday,5,2,2024,d_782,,,0,1,0
2024-02-22,2408,Thursday,6,2,2024,d_783,,,0,0,0
2024-02-23,2408,Friday,7,2,2024,d_784,,,1,0,0
2024-02-24,2408,Saturday,1,2,2024,d_785,,,1,0,1
2024-02-25,2408,Sunday,2,2,2024,d_786,,,0,1,0
2024-02-26,2409,Monday,3,2,2024,d_787,,,0,0,1
2024-02-27,2409,Tuesday,4,2,2024,d_788,,,1,1,1
2024-02-28,2409,Wednesday,5,2,2024,d_789,,,0,1,1
2024-02-29,2409,Thursday,6,2,2024,d_790,,,0,0,0
2024-03-01,2409,Friday,7,3,2024,d_791,,,0,0,1
2024-03-02,2409,Saturday,1,3,2024,d_792,,,0,0,1
2024-03-03,2409,Sunday,2,3,2024,d_793,,,0,0,0
2024-03-04,2410,Monday,3,3,2024,d_794,,,1,0,1
2024-03-05,2410,Tuesday,4,3,2024,d_795,,,1,0,0
2024-03-06,2410,Wednesday,5,3,2024,d_796,,,1,1,1
2024-03-07,2410,Thursday,6,3,2024,d_797,,,1,0,0
2024-03-08,2410,Friday,7,3,2024,d_798,,,1,0,1
2024-03-09,2410,Saturday,1,3,2024,d_799,,,0,1,0
2024-03-10,2410,Sunday,2,3,2024,d_800,,,0,1,0
2024-03-11,2411,Monday,3,3,2024,d_801,,,1,0,0
2024-03-12,2411,Tuesday,4,3,2024,d_802,,,0,0,0
2024-03-13,2411,Wednesday,5,3,2024,d_803,,,1,0,0
2024-03-14,2411,Thursday,6,3,2024,d_804,,,1,1,0
2024-03-15,2411,Friday,7,3,2024,d_805,,,0,1,0
2024-03-16,2411,Saturday,1,3,2024,d_806,,,1,0,1
2024-03-17,2411,Sunday,2,3,2024,d_807,,,1,0,1
2024-03-18,2412,Monday,3,3,2024,d_808,,,0,0,1
2024-03-19,2412,Tuesday,4,3,2024,d_809,,,0,1,1
2024-03-20,2412,Wednesday,5,3,2024,d_810,,,1,0,0
2024-03-21,2412,Thursday,6,3,2024,d_811,,,1,0,0
2024-03-22,2412,Friday,7,3,2024,d_812,,,0,0,0
2024-03-23,2412,Saturday,1,3,2024,d_813,,,1,0,0
2024-03-24,2412,Sunday,2,3,2024,d_814,,,0,1,0
2024-03-25,2413,Monday,3,3,2024,d_815,,,1,0,1
2024-03-26,2413,Tuesday,4,3,2024,d_816,,,1,0,1
2024-03-27,2413,Wednesday,5,3,2024,d_817,,,0,1,1
2024-03-28,2413,Thursday,6,3,2024,d_818,,,1,1,0
2024-03-29,2413,Friday,7,3,2024,d_819,,,1,0,1
2024-03-30,2413,Saturday,1,3,2024,d_820,,,1,0,0
2024-03-31,2413,Sunday,2,3,2024,d_821,,,0,1,0
2024-04-01,2414,Monday,3,4,2024,d_822,,,0,0,0
2024-04-02,2414,Tuesday,4,4,2024,d_823,,,0,1,1
2024-04-03,2414,Wednesday,5,4,2024,d_824,,,0,1,0
2024-04-04,2414,Thursday,6,4,2024,d_825,,,0,1,0
2024-04-05,2414,Friday,7,4,2024,d_826,,,1,0,0
2024-04-06,2414,Saturday,1,4,2024,d_827,,,1,1,0
2024-04-07,2414,Sunday,2,4,2024,d_828,,,1,1,0
2024-04-08,2415,Monday,3,4,2024,d_829,,,0,0,0
2024-04-09,2415,Tuesday,4,4,2024,d_830,,,0,1,0
2024-04-10,2415,Wednesday,5,4,2024,d_831,,,1,1,0
2024-04-11,2415,Thursday,6,4,2024,d_832,,,0,1,0
2024-04-12,2415,Friday,7,4,2024,d_833,,,1,0,0
2024-04-13,2415,Saturday,1,4,2024,d_834,,,1,0,1
2024-04-14,2415,Sunday,2,4,2024,d_835,,,0,1,0
2024-04-15,2416,Monday,3,4,2024,d_836,,,0,0,1
2024-04-16,2416,Tuesday,4,4,2024,d_837,,,0,1,1
2024-04-17,2416,Wednesday,5,4,2024,d_838,,,0,1,0
2024-04-18,2416,Thursday,6,4,2024,d_839,,,0,1,0
2024-04-19,2416,Friday,7,4,2024,d_840,,,1,0,0
2024-04-20,2416,Saturday,1,4,2024,d_841,,,1,1,0
2024-04-21,2416,Sunday,2,4,2024,d_842,,,1,0,0
2024-04-22,2417,Monday,3,4,2024,d_843,Easter,Religious,1,1,0
2024-04-23,2417,Tuesday,4,4,2024,d_844,,,1,0,0
2024-04-24,2417,Wednesday,5,4,2024,d_845,,,0,0,0
2024-04-25,2417,Thursday,6,4,2024,d_846,,,0,1,1
2024-04-26,2417,Friday,7,4,2024,d_847,,,1,1,0
2024-04-27,2417,Saturday,1,4,2024,d_848,,,0,1,1
2024-04-28,2417,Sunday,2,4,2024,d_849,,,0,0,0
2024-04-29,2418,Monday,3,4,2024,d_850,,,1,1,1
2024-04-30,2418,Tuesday,4,4,2024,d_851,,,1,1,0
2024-05-01,2418,Wednesday,5,5,2024,d_852,,,1,1,1
2024-05-02,2418,Thursday,6,5,2024,d_853,,,1,1,1
2024-05-03,2418,Friday,7,5,2024,d_854,,,0,0,0
2024-05-04,2418,Saturday,1,5,2024,d_855,,,1,0,1
2024-05-05,2418,Sunday,2,5,2024,d_856,,,1,1,0
2024-05-06,2419,Monday,3,5,2024,d_857,,,1,1,0
2024-05-07,2419,Tuesday,4,5,2024,d_858,,,1,0,1
2024-05-08,2419,Wednesday,5,5,2024,d_859,,,1,0,1
2024-05-09,2419,Thursday,6,5,2024,d_860,,,0,1,0
2024-05-10,2419,Friday,7,5,2024,d_861,,,0,1,1
2024-05-11,2419,Saturday,1,5,2024,d_862,,,0,0,1
2024-05-12,2419,Sunday,2,5,2024,d_863,,,0,1,1
2024-05-13,2420,Monday,3,5,2024,d_864,,,0,1,0
2024-05-14,2420,Tuesday,4,5,2024,d_865,,,0,0,1
2024-05-15,2420,Wednesday,5,5,2024,d_866,,,1,0,0
2024-05-16,2420,Thursday,6,5,2024,d_867,,,1,1,1
2024-05-17,2420,Friday,7,5,2024,d_868,,,1,0,1
2024-05-18,2420,Saturday,1,5,2024,d_869,,,1,0,1
2024-05-19,2420,Sunday,2,5,2024,d_870,,,1,0,1
2024-05-20,2421,Monday,3,5,2024,d_871,,,1,1,1
2024-05-21,2421,Tuesday,4,5,2024,d_872,,,0,0,0
2024-05-22,2421,Wednesday,5,5,2024,d_873,,,1,0,0
2024-05-23,2421,Thursday,6,5,2024,d_874,,,0,0,1
2024-05-24,2421,Friday,7,5,2024,d_875,Thanksgiving,National,0,1,0
2024-05-25,2421,Saturday,1,5,2024,d_876,,,1,1,1
2024-05-26,2421,Sunday,2,5,2024,d_877,,,1,0,0
2024-05-27,2422,Monday,3,5,2024,d_878,,,0,0,1
2024-05-28,2422,Tuesday,4,5,2024,d_879,,,0,0,0
2024-05-29,2422,Wednesday,5,5,2024,d_880,,,0,1,0
2024-05-30,2422,Thursday,6,5,2024,d_881,,,0,1,0
2024-05-31,2422,Friday,7,5,2024,d_882,,,0,0,0
2024-06-01,2422,Saturday,1,6,2024,d_883,,,1,0,0
2024-06-02,2422,Sunday,2,6,2024,d_884,,,1,1,0
2024-06-03,2423,Monday,3,6,2024,d_885,,,1,1,1
2024-06-04,2423,Tuesday,4,6,2024,d_886,,,1,0,1
2024-06-05,2423,Wednesday,5,6,2024,d_887,,,1,0,1
2024-06-06,2423,Thursday,6,6,2024,d_888,,,1,1,1
2024-06-07,2423,Friday,7,6,2024,d_889,,,0,1,1
2024-06-08,2423,Saturday,1,6,2024,d_890,,,0,1,1
2024-06-09,2423,Sunday,2,6,2024,d_891,,,1,0,0
2024-06-10,2424,Monday,3,6,2024,d_892,,,0,0,1
2024-06-11,2424,Tuesday,4,6,2024,d_893,,,0,1,0
2024-06-12,2424,Wednesday,5,6,2024,d_894,,,0,1,0
2024-06-13,2424,Thursday,6,6,2024,d_895,,,1,1,1
2024-06-14,2424,Friday,7,6,2024,d_896,,,0,0,0
2024-06-15,2424,Saturday,1,6,2024,d_897,,,1,1,1
2024-06-16,2424,Sunday,2,6,2024,d_898,,,0,0,1
2024-06-17,2425,Monday,3,6,2024,d_899,,,0,0,1
2024-06-18,2425,Tuesday,4,6,2024,d_900,,,0,1,1
2024-06-19,2425,Wednesday,5,6,2024,d_901,,,0,1,1
2024-06-20,2425,Thursday,6,6,2024,d_902,,,1,1,0
2024-06-21,2425,Friday,7,6,2024,d_903,,,0,1,1
2024-06-22,2425,Saturday,1,6,2024,d_904,,,0,0,0
2024-06-23,2425,Sunday,2,6,2024,d_905,,,1,1,0
2024-06-24,2426,Monday,3,6,2024,d_906,,,1,0,0
2024-06-25,2426,Tuesday,4,6,2024,d_907,,,0,0,0
2024-06-26,2426,Wednesday,5,6,2024,d_908,,,1,1,1
2024-06-27,2426,Thursday,6,6,2024,d_909,,,1,1,0
2024-06-28,2426,Friday,7,6,2024,d_910,,,0,1,1
2024-06-29,2426,Saturday,1,6,2024,d_911,,,1,0,1
2024-06-30,2426,Sunday,2,6,2024,d_912,,,1,1,1
2024-07-01,2427,Monday,3,7,2024,d_913,,,1,0,1
2024-07-02,2427,Tuesday,4,7,2024,d_914,,,0,1,0
2024-07-03,2427,Wednesday,5,7,2024,d_915,,,0,1,0
2024-07-04,2427,Thursday,6,7,2024,d_916,,,0,1,1
2024-07-05,2427,Friday,7,7,2024,d_917,,,1,0,1
2024-07-06,2427,Saturday,1,7,2024,d_918,,,1,0,1
2024-07-07,2427,Sunday,2,7,2024,d_919,,,0,0,0
2024-07-08,2428,Monday,3,7,2024,d_920,,,0,1,0
2024-07-09,2428,Tuesday,4,7,2024,d_921,,,1,1,0
2024-07-10,2428,Wednesday,5,7,2024,d_922,,,1,0,0
2024-07-11,2428,Thursday,6,7,2024,d_923,,,1,1,0
2024-07-12,2428,Friday,7,7,2024,d_924,,,0,1,1
2024-07-13,2428,Saturday,1,7,2024,d_925,,,1,0,0
2024-07-14,2428,Sunday,2,7,2024,d_926,,,0,0,1
2024-07-15,2429,Monday,3,7,2024,d_927,,,1,1,1
2024-07-16,2429,Tuesday,4,7,2024,d_928,,,0,1,1
2024-07-17,2429,Wednesday,5,7,2024,d_929,,,0,0,0
2024-07-18,2429,Thursday,6,7,2024,d_930,ValentinesDay,Cultural,0,1,0
2024-07-19,2429,Friday,7,7,2024,d_931,,,1,1,1
2024-07-20,2429,Saturday,1,7,2024,d_932,,,1,1,0
2024-07-21,2429,Sunday,2,7,2024,d_933,,,0,1,1
2024-07-22,2430,Monday,3,7,2024,d_934,,,1,1,1
2024-07-23,2430,Tuesday,4,7,2024,d_935,,,0,0,0
2024-07-24,2430,Wednesday,5,7,2024,d_936,,,0,0,1
2024-07-25,2430,Thursday,6,7,2024,d_937,,,0,0,0
2024-07-26,2430,Friday,7,7,2024,d_938,,,1,1,0
2024-07-27,2430,Saturday,1,7,2024,d_939,,,0,0,1
2024-07-28,2430,Sunday,2,7,2024,d_940,,,1,0,1
2024-07-29,2431,Monday,3,7,2024,d_941,,,0,1,0
2024-07-30,2431,Tuesday,4,7,2024,d_942,,,0,0,1
2024-07-31,2431,Wednesday,5,7,2024,d_943,,,0,0,1
2024-08-01,2431,Thursday,6,8,2024,d_944,,,1,0,1
2024-08-02,2431,Friday,7,8,2024,d_945,,,0,0,0
2024-08-03,2431,Saturday,1,8,2024,d_946,,,1,0,0
2024-08-04,2431,Sunday,2,8,2024,d_947,,,1,1,1
2024-08-05,2432,Monday,3,8,2024,d_948,,,0,0,1
2024-08-06,2432,Tuesday,4,8,2024,d_949,,,1,0,1
2024-08-07,2432,Wednesday,5,8,2024,d_950,,,1,1,0
2024-08-08,2432,Thursday,6,8,2024,d_951,,,0,0,0
2024-08-09,2432,Friday,7,8,2024,d_952,,,0,1,1
2024-08-10,2432,Saturday,1,8,2024,d_953,,,0,1,0
2024-08-11,2432,Sunday,2,8,2024,d_954,,,1,1,0
2024-08-12,2433,Monday,3,8,2024,d_955,,,0,0,1
2024-08-13,2433,Tuesday,4,8,2024,d_956,,,1,0,1
2024-08-14,2433,Wednesday,5,8,2024,d_957,,,1,1,0
2024-08-15,2433,Thursday,6,8,2024,d_958,,,1,0,0
2024-08-16,2433,Friday,7,8,2024,d_959,,,0,1,0
2024-08-17,2433,Saturday,1,8,2024,d_960,,,1,0,1
2024-08-18,2433,Sunday,2,8,2024,d_961,,,0,0,0
2024-08-19,2434,Monday,3,8,2024,d_962,,,0,1,1
2024-08-20,2434,Tuesday,4,8,2024,d_963,,,0,1,0
2024-08-21,2434,Wednesday,5,8,2024,d_964,,,0,1,1
2024-08-22,2434,Thursday,6,8,2024,d_965,,,0,1,1
2024-08-23,2434,Friday,7,8,2024,d_966,,,0,0,1
2024-08-24,2434,Saturday,1,8,2024,d_967,,,0,1,1
2024-08-25,2434,Sunday,2,8,2024,d_968,,,0,1,1
2024-08-26,2435,Monday,3,8,2024,d_969,,,1,0,0
2024-08-27,2435,Tuesday,4,8,2024,d_970,,,0,0,1
2024-08-28,2435,Wednesday,5,8,2024,d_971,,,1,1,1
2024-08-29,2435,Thursday,6,8,2024,d_972,,,1,0,1
2024-08-30,2435,Friday,7,8,2024,d_973,,,1,1,0
2024-08-31,2435,Saturday,1,8,2024,d_974,,,1,0,1
2024-09-01,2435,Sunday,2,9,2024,d_975,,,1,0,0
2024-09-02,2436,Monday,3,9,2024,d_976,,,1,0,1
2024-09-03,2436,Tuesday,4,9,2024,d_977,,,1,0,1
2024-09-04,2436,Wednesday,5,9,2024,d_978,,,1,1,0
2024-09-05,2436,Thursday,6,9,2024,d_979,,,0,1,1
2024-09-06,2436,Friday,7,9,2024,d_980,,,0,1,1
2024-09-07,2436,Saturday,1,9,2024,d_981,,,1,1,0
2024-09-08,2436,Sunday,2,9,2024,d_982,,,0,0,0
2024-09-09,2437,Monday,3,9,2024,d_983,,,1,1,0
2024-09-10,2437,Tuesday,4,9,2024,d_984,,,0,1,1
2024-09-11,2437,Wednesday,5,9,2024,d_985,,,0,1,1
2024-09-12,2437,Thursday,6,9,2024,d_986,,,1,1,1
2024-09-13,2437,Friday,7,9,2024,d_987,,,1,1,1
2024-09-14,2437,Saturday,1,9,2024,d_988,,,1,1,1
2024-09-15,2437,Sunday,2,9,2024,d_989,,,0,1,0
2024-09-16,2438,Monday,3,9,2024,d_990,,,1,1,0
2024-09-17,2438,Tuesday,4,9,2024,d_991,,,1,1,0
2024-09-18,2438,Wednesday,5,9,2024,d_992,LaborDay,National,1,0,0
2024-09-19,2438,Thursday,6,9,2024,d_993,,,1,0,1
2024-09-20,2438,Friday,7,9,2024,d_994,,,1,1,0
2024-09-21,2438,Saturday,1,9,2024,d_995,,,1,0,0
2024-09-22,2438,Sunday,2,9,2024,d_996,,,0,0,0
2024-09-23,2439,Monday,3,9,2024,d_997,,,1,1,0
2024-09-24,2439,Tuesday,4,9,2024,d_998,,,1,1,0
2024-09-25,2439,Wednesday,5,9,2024,d_999,,,1,1,0
2024-09-26,2439,Thursday,6,9,2024,d_1000,,,1,0,1
2024-09-27,2439,Friday,7,9,2024,d_1001,,,1,0,0
2024-09-28,2439,Saturday,1,9,2024,d_1002,,,0,1,0
2024-09-29,2439,Sunday,2,9,2024,d_1003,,,1,1,0
2024-09-30,2440,Monday,3,9,2024,d_1004,,,0,0,1
2024-10-01,2440,Tuesday,4,10,2024,d_1005,,,0,1,1
2024-10-02,2440,Wednesday,5,10,2024,d_1006,,,1,0,1
2024-10-03,2440,Thursday,6,10,2024,d_1007,,,1,1,1
2024-10-04,2440,Friday,7,10,2024,d_1008,,,0,1,1
2024-10-05,2440,Saturday,1,10,2024,d_1009,,,0,1,1
2024-10-06,2440,Sunday,2,10,2024,d_1010,,,0,1,0
2024-10-07,2441,Monday,3,10,2024,d_1011,,,0,0,1
2024-10-08,2441,Tuesday,4,10,2024,d_1012,,,0,0,0
2024-10-09,2441,Wednesday,5,10,2024,d_1013,,,0,0,0
2024-10-10,2441,Thursday,6,10,2024,d_1014,,,1,1,1
2024-10-11,2441,Friday,7,10,2024,d_1015,,,1,1,0
2024-10-12,2441,Saturday,1,10,2024,d_1016,,,1,1,0
2024-10-13,2441,Sunday,2,10,2024,d_1017,,,0,0,1
2024-10-14,2442,Monday,3,10,2024,d_1018,,,0,0,0
2024-10-15,2442,Tuesday,4,10,2024,d_1019,,,0,1,0
2024-10-16,2442,Wednesday,5,10,2024,d_1020,,,1,1,1
2024-10-17,2442,Thursday,6,10,2024,d_1021,,,0,1,1
2024-10-18,2442,Friday,7,10,2024,d_1022,,,0,0,0
2024-10-19,2442,Saturday,1,10,2024,d_1023,,,0,0,1
2024-10-20,2442,Sunday,2,10,2024,d_1024,,,1,1,1
2024-10-21,2443,Monday,3,10,2024,d_1025,,,0,1,0
2024-10-22,2443,Tuesday,4,10,2024,d_1026,,,0,0,0
2024-10-23,2443,Wednesday,5,10,2024,d_1027,,,1,1,0
2024-10-24,2443,Thursday,6,10,2024,d_1028,,,1,0,0
2024-10-25,2443,Friday,7,10,2024,d_1029,,,0,0,0
2024-10-26,2443,Saturday,1,10,2024,d_1030,,,0,1,0
2024-10-27,2443,Sunday,2,10,2024,d_1031,,,1,1,0
2024-10-28,2444,Monday,3,10,2024,d_1032,,,1,1,0
2024-10-29,2444,Tuesday,4,10,2024,d_1033,,,1,0,0
2024-10-30,2444,Wednesday,5,10,2024,d_1034,,,0,1,0
2024-10-31,2444,Thursday,6,10,2024,d_1035,,,0,1,0
2024-11-01,2444,Friday,7,11,2024,d_1036,,,1,1,0
2024-11-02,2444,Saturday,1,11,2024,d_1037,,,0,0,1
2024-11-03,2444,Sunday,2,11,2024,d_1038,,,0,1,0
2024-11-04,2445,Monday,3,11,2024,d_1039,,,1,1,1
2024-11-05,2445,Tuesday,4,11,2024,d_1040,,,1,1,1
2024-11-06,2445,Wednesday,5,11,2024,d_1041,,,0,0,1
2024-11-07,2445,Thursday,6,11,2024,d_1042,,,1,1,1
2024-11-08,2445,Friday,7,11,2024,d_1043,,,0,0,0
2024-11-09,2445,Saturday,1,11,2024,d_1044,,,1,0,1
2024-11-10,2445,Sunday,2,11,2024,d_1045,,,1,1,0
2024-11-11,2446,Monday,3,11,2024,d_1046,,,0,0,0
2024-11-12,2446,Tuesday,4,11,2024,d_1047,,,1,1,0
2024-11-13,2446,Wednesday,5,11,2024,d_1048,,,0,0,0
2024-11-14,2446,Thursday,6,11,2024,d_1049,,,1,1,0
2024-11-15,2446,Friday,7,11,2024,d_1050,,,0,1,0
2024-11-16,2446,Saturday,1,11,2024,d_1051,,,0,1,1
2024-11-17,2446,Sunday,2,11,2024,d_1052,,,1,0,1
2024-11-18,2447,Monday,3,11,2024,d_1053,,,1,0,0
2024-11-19,2447,Tuesday,4,11,2024,d_1054,,,0,0,1
2024-11-20,2447,Wednesday,5,11,2024,d_1055,,,1,0,0
2024-11-21,2447,Thursday,6,11,2024,d_1056,,,1,1,0
2024-11-22,2447,Friday,7,11,2024,d_1057,,,0,0,1
2024-11-23,2447,Saturday,1,11,2024,d_1058,,,1,0,1
2024-11-24,2447,Sunday,2,11,2024,d_1059,,,1,0,0
2024-11-25,2448,Monday,3,11,2024,d_1060,,,0,0,0
2024-11-26,2448,Tuesday,4,11,2024,d_1061,,,0,1,0
2024-11-27,2448,Wednesday,5,11,2024,d_1062,,,1,1,0
2024-11-28,2448,Thursday,6,11,2024,d_1063,,,0,0,0
2024-11-29,2448,Friday,7,11,2024,d_1064,,,1,1,1
2024-11-30,2448,Saturday,1,11,2024,d_1065,,,1,1,1
2024-12-01,2448,Sunday,2,12,2024,d_1066,,,0,0,0
2024-12-02,2449,Monday,3,12,2024,d_1067,,,0,0,1
2024-12-03,2449,Tuesday,4,12,2024,d_1068,,,1,0,0
2024-12-04,2449,Wednesday,5,12,2024,d_1069,,,0,0,0
2024-12-05,2449,Thursday,6,12,2024,d_1070,,,0,0,0
2024-12-06,2449,Friday,7,12,2024,d_1071,,,1,0,1
2024-12-07,2449,Saturday,1,12,2024,d_1072,,,1,1,1
2024-12-08,2449,Sunday,2,12,2024,d_1073,,,1,0,1
2024-12-09,2450,Monday,3,12,2024,d_1074,,,1,1,0
2024-12-10,2450,Tuesday,4,12,2024,d_1075,,,1,0,1
2024-12-11,2450,Wednesday,5,12,2024,d_1076,,,0,0,0
2024-12-12,2450,Thursday,6,12,2024,d_1077,,,1,1,0
2024-12-13,2450,Friday,7,12,2024,d_1078,,,1,1,1
2024-12-14,2450,Saturday,1,12,2024,d_1079,,,1,1,0
2024-12-15,2450,Sunday,2,12,2024,d_1080,,,1,0,1
2024-12-16,2451,Monday,3,12,2024,d_1081,,,0,0,1
2024-12-17,2451,Tuesday,4,12,2024,d_1082,,,1,0,1
2024-12-18,2451,Wednesday,5,12,2024,d_1083,,,0,0,0
2024-12-19,2451,Thursday,6,12,2024,d_1084,,,1,1,0
2024-12-20,2451,Friday,7,12,2024,d_1085,,,0,0,1
2024-12-21,2451,Saturday,1,12,2024,d_1086,,,0,0,1
2024-12-22,2451,Sunday,2,12,2024,d_1087,,,0,1,1
2024-12-23,2452,Monday,3,12,2024,d_1088,,,1,0,1
2024-12-24,2452,Tuesday,4,12,2024,d_1089,,,1,0,0
2024-12-25,2452,Wednesday,5,12,2024,d_1090,,,0,0,0
2024-12-26,2452,Thursday,6,12,2024,d_1091,,,0,0,1
2024-12-27,2452,Friday,7,12,2024,d_1092,,,0,1,0
2024-12-28,2452,Saturday,1,12,2024,d_1093,,,0,1,1
2024-12-29,2452,Sunday,2,12,2024,d_1094,,,1,1,0
2024-12-30,2401,Monday,3,12,2024,d_1095,,,0,0,1
2024-12-31,2401,Tuesday,4,12,2024,d_1096,,,0,1,1
2025-01-01,2501,Wednesday,5,1,2025,d_1097,,,0,1,0
2025-01-02,2501,Thursday,6,1,2025,d_1098,,,0,0,0
2025-01-03,2501,Friday,7,1,2025,d_1099,,,1,1,1
2025-01-04,2501,Saturday,1,1,2025,d_1100,,,1,0,0
2025-01-05,2501,Sunday,2,1,2025,d_1101,,,0,1,1
2025-01-06,2502,Monday,3,1,2025,d_1102,,,1,1,1
2025-01-07,2502,Tuesday,4,1,2025,d_1103,,,0,0,1
2025-01-08,2502,Wednesday,5,1,2025,d_1104,,,0,0,0
2025-01-09,2502,Thursday,6,1,2025,d_1105,,,0,0,1
2025-01-10,2502,Friday,7,1,2025,d_1106,,,0,1,0
2025-01-11,2502,Saturday,1,1,2025,d_1107,,,0,0,1
2025-01-12,2502,Sunday,2,1,2025,d_1108,,,1,1,1
2025-01-13,2503,Monday,3,1,2025,d_1109,,,1,0,0
2025-01-14,2503,Tuesday,4,1,2025,d_1110,,,1,0,0
2025-01-15,2503,Wednesday,5,1,2025,d_1111,,,0,1,0
2025-01-16,2503,Thursday,6,1,2025,d_1112,,,0,1,1
2025-01-17,2503,Friday,7,1,2025,d_1113,,,0,1,0
2025-01-18,2503,Saturday,1,1,2025,d_1114,,,0,0,0
2025-01-19,2503,Sunday,2,1,2025,d_1115,,,0,0,1
2025-01-20,2504,Monday,3,1,2025,d_1116,,,1,0,1
2025-01-21,2504,Tuesday,4,1,2025,d_1117,,,1,1,1
2025-01-22,2504,Wednesday,5,1,2025,d_1118,,,1,1,1
2025-01-23,2504,Thursday,6,1,2025,d_1119,,,1,0,1
2025-01-24,2504,Friday,7,1,2025,d_1120,,,1,1,1
2025-01-25,2504,Saturday,1,1,2025,d_1121,,,1,0,0
2025-01-26,2504,Sunday,2,1,2025,d_1122,,,0,1,1
2025-01-27,2505,Monday,3,1,2025,d_1123,,,1,1,1
2025-01-28,2505,Tuesday,4,1,2025,d_1124,,,1,1,1
2025-01-29,2505,Wednesday,5,1,2025,d_1125,,,1,0,1
